WangLab No.,CDCF No.,Survival%,Log2(Survival%),Log2(Survival%+1),Log2(Survival%+1)_zscore,out_come,out_come_5,out_come_10
W6019,CDCF8051,0.585019136,-0.773444278,0.664500258312681,-1.241202839,0,1,2
W6031,CDCF8056,58.69278997,5.875111383,5.89948478006851,2.0657740163673783,1,5,10
W6036,CDCF8058,7.602505182,2.926474895,3.10475685594667,0.30032456278259,0,3,6
W6039,CDCF8060,6.336021505,2.663577232,2.87499786816611,0.15518418044614488,0,3,6
W6050,CDCF8066,12.18480467,3.607011219,3.72080429278268,0.6894860984573692,0,4,8
W6186,CDCF8169,4.65060241,2.217417606,2.49840468116845,-0.082712407,0,3,5
W6187,CDCF8170,8.987148594,3.167863456,3.320072837,0.43634119505643115,0,4,7
W6199,CDCF8182,4.953886693,2.308560871,2.57383176625554,-0.035064582,0,3,5
W6201,CDCF8184,13.33117124,3.736731632,3.84108461587178,0.7654680317403302,0,4,8
W6215,CDCF8198,2.335034014,1.223443565,1.73770147535578,-0.563254018,0,2,4
W6218,CDCF8201,10.62711291,3.409677806,3.5394210058392,0.5749049894843374,0,4,7
W6220,CDCF8203,3.476343224,1.797570528,2.1623206592364,-0.295019068,0,2,4
W6222,CDCF8205,40.84615385,5.352128333,5.38702312310925,1.742048352608476,1,5,10
W6225,CDCF8208,23.00724638,4.52401642,4.58539803130285,1.235656095926045,1,5,10
W6251,CDCF8236,7.948529412,2.990687966,3.16165061146339,0.33626475170847303,0,3,6
W6254,CDCF8239,8.362371446,3.063912127,3.2268740041509,0.3774668315199784,0,3,7
W6255,CDCF8240,4.29059528,2.101177822,2.40343005867724,-0.14270855,0,2,5
W6258,CDCF8241,22.95696539,4.520860044,4.58237326983113,1.2337453326487398,1,5,9
W6263,CDCF8244,11.36290323,3.506259586,3.6279456712719,0.6308266485725093,0,4,7
W6265,CDCF8246,0.16817411,-2.571972474,0.224255315684082,-1.519308693,0,1,1
W6266,CDCF8247,1.669430625,0.739356142,1.41653205555141,-0.766139019,0,2,4
W6269,CDCF8250,8.440789474,3.077377942,3.23890750811946,0.3850684813344876,0,4,7
W6270,CDCF8251,4.96534018,2.311892561,2.57660441144906,-0.033313083,0,3,5
W6276,CDCF8255,4.848690154,2.277595064,2.54811356135569,-0.051310955,0,3,5
W6277,CDCF8256,5.170719725,2.370365107,2.62543876862328,-0.002464073,0,3,5
W6278,CDCF8257,1.18115942,0.240203697,1.12509521998153,-0.950241735,0,2,3
W6289,CDCF8265,0.995983936,-0.005805622,0.997100109494205,-1.031097154,0,1,3
W6299,CDCF8301,30.27414075,4.920014109,4.96689834223255,1.476652548446517,1,5,10
W6314,CDCF8304,0.135531136,-2.883303775,0.183367264354385,-1.545137965,0,1,1
W6351,CDCF8341,0.475923852,-1.071197334,0.561618289886829,-1.306194109,0,1,2
W6353,CDCF8339,0.672535211,-0.572318291,0.742036583713628,-1.192222593,0,1,2
W6361,CDCF8280,0.697115385,-0.520530628,0.763084655130088,-1.178926377,0,1,3
W6366,CDCF8285,1.624633431,0.700114237,1.39211594312745,-0.78156285,0,2,4
W6377,CDCF8355,6.911764706,2.789054105,2.98399952130629,0.22404129791908697,0,3,6
W6439,CDCF8411,0.039230769,-4.671870566,0.0555160514098676,-1.625902483,0,1,1
W6458,CDCF8391,1.499331551,0.584319445,1.32154229597053,-0.826144724,0,2,4
W6473,CDCF8404,0.173809524,-2.524420959,0.231198318711789,-1.514922748,0,1,1
W6519,CDCF8443,0.720686124,-0.472557027,0.782983954569235,-1.166355848,0,1,3
W6525,CDCF8449,1.488518316,0.573876974,1.3152870055938,-0.830096235,0,2,3
W6527,CDCF8450,0.532015066,-0.910460994,0.615430484868374,-1.272200563,0,1,2
W6551,CDCF8470,12.54054054,3.648527629,3.75921342756626,0.7137494213486818,0,4,8
W6585,CDCF8489,14.65949821,3.873763816,3.96896607861503,0.846251658860181,0,5,9
W6603,CDCF8507,0.505793226,-0.983380378,0.590523674555009,-1.287934372,0,1,2
W6660,CDCF8574,0.320481928,-1.641685091,0.40106455672624,-1.407617041,0,1,2
W6781,CDCF8665,0.021780303,-5.520832163,0.0310850301295634,-1.641335732,0,1,1
W6854,CDCF8711,1.507352941,0.592017258,1.32616508777383,-0.823224473,0,2,4
W6863,CDCF8712,12.48106061,3.641668631,3.75286209815133,0.7097372415052187,0,4,8
W6876,CDCF8723,16.77777778,4.068479738,4.15200309344505,0.9618774394695714,0,5,9
W6962,CDCF8780,0.257936508,-1.95491211,0.331059106639491,-1.45183998,0,1,2
W6966,CDCF8783,12.99435028,3.699812596,3.80677260316337,0.743792889926126,0,4,8
W6967,CDCF8784,28.125,4.813781191,4.86418614465428,1.4117685246651934,1,5,10
W6969,CDCF8786,4.250474383,2.087623865,2.39244777697274,-0.149646135,0,2,4
W6974,CDCF8791,6.506493506,2.701880253,2.90813914180578,0.17611975808619137,0,3,6
W6975,CDCF8792,16.07142857,4.006426269,4.09351188592314,0.9249281287807616,0,5,9
W6982,CDCF8799,11.42553191,3.514189426,3.63523570720238,0.635431815980397,0,4,8
W6983,CDCF8800,8.174250832,3.031086514,3.197590353,0.3589681410921431,0,3,7
W6986,CDCF8803,11.61461908,3.537869934,3.65702473724941,0.6491961008178052,0,4,8
W6987,CDCF8804,14.92722603,3.899874185,3.99342311598774,0.8617013428502677,0,5,9
W7003,CDCF8810,0.118908382,-3.072077678,0.162091911068634,-1.558577756,0,1,1
W7011,CDCF8816,7.30431771,2.868749518,3.05386163989085,0.26817369378375505,0,3,6
W7013,CDCF8818,1.983636925,0.988147986,1.57707198652989,-0.664724806,0,2,4
W7030,CDCF8821,10.70268362,3.419900682,3.54876749608794,0.5808092336721712,0,4,7
W7035,CDCF8919,12.37545788,3.629409999,3.74151637431485,0.7025700672787932,0,4,8
W7036,CDCF8920,6.281012658,2.650997177,2.86413911737483,0.14832463054663095,0,3,6
W7047,CDCF8830,13.61653794,3.767288034,3.86952973092732,0.7834370126913968,0,4,8
W7052,CDCF8924,8.860391327,3.147370418,3.30164490368329,0.4247001391289755,0,4,7
W7064,CDCF8838,0.183306056,-2.447673648,0.242823267132388,-1.507579186,0,1,2
W7066,CDCF8840,5.128926395,2.358656867,2.6156343788716,-0.008657575,0,3,5
W7073,CDCF8847,9.793265132,3.291789943,3.43205946363919,0.5070839417261426,0,4,7
W7086,CDCF8855,4.391705069,2.134781171,2.43074158202629,-0.125455667,0,2,5
W7090,CDCF8859,5.660079051,2.500822203,2.73553930137491,0.06708721457902742,0,3,6
W7091,CDCF8860,6.802168022,2.765994643,2.96387506750304,0.21132853770225687,0,3,6
W7093,CDCF8862,1.342156863,0.424553294,1.22783770159747,-0.885338581,0,2,3
W7101,CDCF8870,4.622898682,2.208797744,2.49131405155748,-0.087191608,0,2,5
W7134,CDCF8892,13.82332643,3.789032921,3.88979732717878,0.796240197008117,0,4,9
W7179,CDCF8905,22.34042553,4.481584761,4.54475895872556,1.2099841055127696,1,5,9
W7180,CDCF8906,55.06738544,5.783126207,5.80908988996626,2.0086709230893374,1,5,10
W7251,CDCF8961,17.62880987,4.139863176,4.21946360328421,1.0044927220543765,0,5,9
W7255,CDCF8965,1.008499171,0.012209898,1.00611786578229,-1.025400574,0,1,3
W7258,CDCF8967,1.732336957,0.792719576,1.45013541024834,-0.744911541,0,2,4
W7286,CDCF8983,1.302177858,0.380926513,1.20299929549278,-0.901029178,0,2,3
W7305,CDCF8989,46.3982684,5.535999059,5.56676244897159,1.8555909597053997,1,5,10
W7310,CDCF8994,1.312316716,0.392115943,1.20933901576634,-0.897024332,0,2,3
W7429,CDCF9006,25.67567568,4.682330338,4.73745290882745,1.331710240633193,1,5,10
W7477,CDCF9050,52.65158371,5.718405022,5.7455488525873,1.968531599059738,1,5,10
W7481,CDCF9052,17.70707071,4.146253661,4.22551176318063,1.008313387562516,0,5,9
W7509,CDCF9068,0.362852665,-1.462544231,0.446629603541718,-1.378833278,0,1,2
